Linker,Title,Charge,Precursor_Mass,Peptide_Mass,Modifications,Score,Precursor_Mass_Error(Da),Precursor_Mass_Error(ppm),Peptide,Proteins,Manual Check,,,,,,,,,,,,,
DSS,mTORC2_Akt-ATP_DSSCX_insol_061320_run4.31932.31932.5.0.dta,5,3.09E+03,3.09E+03,null,3.53E-11,-0.005155,-1.668914,KYQIFIPMVNKVLVR(11)-VQKDIFILK(3),mTOR(1197)-RICTOR(516)/,TRUE,,,,,,,,,,,,,
,mTORC_Akt_DSS_insolNo2_2ugold_run1_041621.9638.9638.4.0.dta,4,3.63E+03,3.63E+03,null,7.40E-08,-0.005547,-1.528122,IVKGYTLADEEEDPLIYQHR(3)-VQKDIFILK(3),mTOR(1218)-RICTOR(516)/,TRUE,,,,,,,,,,,,,
,mTORC2_Akt-ATP_DSSCX_insol_061320_run4.28606.28606.6.3.dta,6,4.59E+03,4.59E+03,Carbamidomethyl[C](11);Carbamidomethyl[C](23);Carbamidomethyl[C](37),1.46E-07,-0.008413,-1.83442,EKYPQTFDDICLYSEVSHLLSHCTFR(2)-ERQNQIKCK(7),RICTOR(1642)-mSIN1(102)/,TRUE,,,,,,,,,,,,,
,mTORC_Akt_DSSCX_insol_2ug_run1_121820.9819.9819.4.1.dta,4,2.62E+03,2.62E+03,null,9.15E-07,-0.003709,-1.417028,NSFPFFASSKLVK(10)-HNAANKILK(6),RICTOR(1092)-mTOR(1993)/,TRUE,,,,,,,,,,,,,
,mTORC2_Akt-ATP_DSSCX_insol_061320_run4.32527.32527.6.0.dta,6,4.36E+03,4.36E+03,Carbamidomethyl[C](11);Carbamidomethyl[C](23);Carbamidomethyl[C](30),1.12E-06,-0.018502,-4.244486,EKYPQTFDDICLYSEVSHLLSHCTFR(2)-CKNIQWK(2),RICTOR(1642)-mSIN1(104)/,TRUE,,,,,,,,,,,,,
,mTORC2_Akt-ATP_DSSCX_insol_061320_run4.38438.38438.4.0.dta,4,3.07E+03,3.07E+03,null,2.75E-06,-0.006256,-2.039967,STAMDTLSSLVFQLGKK(16)-VQKDIFILK(3),mTOR(1186)-RICTOR(516)/,TRUE,,,,,,,,,,,,,
,mTORC_Akt_DSSCX_insol_2ug_run1_121820.10727.10727.4.2.dta,4,2.55E+03,2.55E+03,null,1.61E-05,-0.002107,-0.827442,YFLLKNDGTFIGYK(5)-SLKNLR(3),AKT1(30)-RICTOR(11)/,TRUE,,,,,,,,,,,,,
,mTORC_Akt_DSS_insolNo2_12ug_run1_041621.11184.11184.6.1.dta,6,4.79E+03,4.79E+03,null,1.67E-05,0.015625,3.261707,AFAHDAGGLPSGTGGLVKNSFHLLR(18)-NVKGMFEVLEPLHAMMER(3),RICTOR(1477)-mTOR(2045)/,TRUE,,,,,,,,,,,,,
,mTORC2_Akt-ATP_DSSCX_insol_061320_run3.21718.21718.5.3.dta,5,2.89E+03,2.89E+03,null,4.66E-05,-0.002189,-0.758077,STAMDTLSSLVFQLGKK(16)-AIATHQKR(7),mTOR(1186)-RICTOR(507)/,TRUE,,,,,,,,,,,,,
,mTORC_Akt_DSS_insolNo2_2ugold_run1_041621.6844.6844.5.1.dta,5,3.45E+03,3.45E+03,null,5.17E-05,0.004816,1.395618,IVKGYTLADEEEDPLIYQHR(3)-AIATHQKR(7),mTOR(1218)-RICTOR(507)/,TRUE,,,,,,,,,,,,,
,mTORC2_Akt-ATP_DSSCX_insol_061320_run4.9797.9797.5.0.dta,5,2.04E+03,2.04E+03,null,7.52E-05,-0.003145,-1.540791,ASTKFWIK(4)-TKIPAHTR(2),mSIN1(422)-mLST8(215)/,TRUE,,,,,,,,,,,,,
,mTORC2_Akt-ATP_DSSCX_insol_061320_run4.33237.33237.4.0.dta,4,3.49E+03,3.49E+03,null,3.23E-04,-0.015352,-4.402847,YFLLKNDGTFIGYK(5)-FLSIPKGFSYLNER(6),AKT1(30)-RICTOR(813)/,TRUE,,,,,,,,,,,,,
,mTORC2_Akt-ATP_DSSCX_insol_061320.19396.19396.4.0.dta,4,3.20E+03,3.20E+03,null,6.48E-04,-0.008097,-2.530587,AAKELQHYVTMELR(3)-FMKALSYASLDK(3),mTOR(42)-RICTOR(1382)/,TRUE,,,,,,,,,,,,,
,mTORC_AktTorin_5mMDSSCX_insol_run1_032421.2803.2803.4.0.dta,4,1.48E+03,1.48E+03,null,1.02E-03,-0.006596,-4.448007,LRKER(3)-KEVLR(1),mSIN1(95)-RICTOR(1614)/,TRUE,,,,,,,,,,,,,
,mTORC2_Akt-ATP_DSSCX_insol_061320_run4.17808.17808.6.1.dta,6,3.59E+03,3.59E+03,null,1.65E-03,-0.00402,-1.121069,AFAHDAGGLPSGTGGLVKNSFHLLR(18)-YMKSGNVK(3),RICTOR(1477)-mTOR(2090)/,TRUE,,,,,,,,,,,,,
,mTORC2_Akt-ATP_DSSCX_insol_061320_run2.27679.27679.4.0.dta,4,2.68E+03,2.68E+03,null,2.43E-03,-0.003415,-1.274926,MLSLVLMHKPLR(9)-VQKDIFILK(3),mTOR(550)-RICTOR(516)/,TRUE,,,,,,,,,,,,,
,mTORC_Akt_DSS_insolNo2_12ug_run1_041621.7721.7721.5.0.dta,5,3.22E+03,3.22E+03,null,2.53E-02,-0.006517,-2.024691,KEVIVAKDEVAHTLTENR(7)-KDIQDGLLK(1),AKT1(189)-mTOR(533)/,TRUE,,,,,,,,,,,,,
,mTORC2_Akt-ATP_DSSCX_insol_061320_run3.28178.28178.5.0.dta,5,5.12E+03,5.12E+03,Carbamidomethyl[C](42),2.70E-02,-0.008252,-1.61056,ALSYASLDKEDLLSPINQNTLQR(9)-AVLALHQDLFSLAQQCIDKAR(19),RICTOR(1391)-mTOR(1566)/,TRUE,,,,,,,,,,,,,
,mTORC2_Akt-ATP_DSSCX_insol_061320.18644.18644.4.0.dta,4,4.10E+03,4.10E+03,Carbamidomethyl[C](7);Carbamidomethyl[C](34),4.58E-02,-0.010617,-2.588243,FSGISGCSDGVSQEGSASSTKSTELLLGVK(21)-CKNIQWK(2),RICTOR(1590)-mSIN1(104)/,TRUE,,,,,,,,,,,,,
,mTORC2_Akt-ATP_DSSCX_insol_061320.20777.20777.5.1.dta,5,3.65E+03,3.65E+03,null,9.53E-02,-0.020968,-5.749203,ILKKEVIVAKDEVAHTLTENR(3)-VQKDIFILK(3),AKT1(182)-RICTOR(516)/,TRUE,,,,,,,,,,,,,
,mTORC2_Akt-ATP_DSSCX_insol_061320_run4.30373.30373.4.1.dta,4,2.83E+03,2.83E+03,Carbamidomethyl[C](14),9.73E-02,-0.00736,-2.600112,VILSKILTAATDACR(5)-GTFGKVILVK(5),RICTOR(719)-AKT1(163)/,TRUE,,,,,,,,,,,,,
,mTORC2_Akt-ATP_DSSCX_insol_061320.18289.18289.6.3.dta,6,4.33E+03,4.33E+03,Oxidation[M](1);Oxidation[M](20),1.11E-01,0.005033,1.1623,MLRSGQGDALASGPVETGPMKK(21)-KLSPPFKPQVTSETDTR(1),mTOR(1256)-AKT1(420)/,TRUE,,,,,,,,,,,,,
,mTORC2_Akt-ATP_DSSCX_insol_061320.20805.20805.5.0.dta,5,4.98E+03,4.98E+03,null,1.56E-01,-0.000784,-0.157479,MYDLNSNNPNPIISYDGVNKNIASVGFHEDGR(20)-EKFPEKIPFR(6),mLST8(86)-mTOR(2374)/,TRUE,,,,,,,,,,,,,
,mTORC2_Akt-ATP_DSSCX_insol_061320_run3.31493.31493.4.0.dta,4,4.94E+03,4.94E+03,Carbamidomethyl[C](20);Carbamidomethyl[C](37),3.52E-01,-0.017234,-3.486169,QLPQLTSLELQYVSPKLLMCR(16)-APSIATIKSLADCNFSYTSSR(8),mTOR(2129)-RICTOR(1312)/,TRUE,,,,,,,,,,,,,
,mTORC2_Akt-ATP_DSSCX_insol_061320_run2.27048.27048.5.1.dta,5,3.97E+03,3.97E+03,Carbamidomethyl[C](11),4.39E-01,-0.004862,-1.22407,EYGGHQKAVVCLAFNDSVLG(7)-KIDVYLPLHSSQDR(1),mLST8(313)-mSIN1(176)/,TRUE,,,,,,,,,,,,,
,mTORC2_Akt-ATP_DSSCX_insol_061320.15617.15617.5.2.dta,5,3.52E+03,3.52E+03,null,5.42E-01,-0.009785,-2.776764,KEVIVAKDEVAHTLTENR(1)-KGSQKVSGPQYR(1),AKT1(183)-mSIN1(313)/,TRUE,,,,,,,,,,,,,
,mTORC2_Akt-ATP_DSSCX_insol_061320.19307.19307.5.0.dta,5,3.89E+03,3.89E+03,null,5.81E-01,-0.009697,-2.4915,ISKQLPQLTSLELQYVSPK(3)-HSPDTAEGQLKEDR(11),mTOR(2113)-RICTOR(274)/,TRUE,,,,,,,,,,,,,
,mTORC2_Akt-ATP_DSSCX_insol_061320_run4.28551.28551.4.0.dta,4,2.87E+03,2.87E+03,null,6.38E-01,-0.005086,-1.772359,FLSIPKGFSYLNER(6)-GTFGKVILVK(5),RICTOR(813)-AKT1(163)/,TRUE,,,,,,,,,,,,,
,mTORC2_Akt-ATP_DSSCX_insol_061320_run3.34047.34047.4.0.dta,4,4.02E+03,4.02E+03,null,6.75E-01,-0.002322,-0.577154,NQDHLLKLTVSSLDYSR(7)-KGGILAIASLIGVEGGNATR(1),RICTOR(699)-mTOR(84)/,TRUE,,,,,,,,,,,,,
,mTORC_AktTorin_2mMDSSCX_insol_run1_032421.6102.6102.4.1.dta,4,2.11E+03,2.11E+03,null,6.00E-06,0.013485,6.378506,DLMGFGTKPR(8)-EKPPISGK(2),mTOR(309)-mSIN1(132)/,Maybe,,,,,,,,,,,,,
,mTORC_AktTorin_2mMDSSCX_insol_run1_032421.2213.2213.4.0.dta,4,2.10E+03,2.10E+03,null,8.88E-04,-0.002007,-0.955174,KGSQKVSGPQYR(5)-LVKNR(3),mSIN1(317)-RICTOR(1095)/,Maybe,,,,,,,,,,,,,
,mTORC_Akt_DSS_insolNo2_12ug_run1_041621.7821.7821.4.0.dta,4,2.82E+03,2.82E+03,null,2.57E-03,0.003995,1.415905,VTMNEFEYLKLLGK(10)-GHVGTTATKK(9),AKT1(154)-mSIN1(175)/,Maybe,,,,,,,,,,,,,
,mTORC_Akt_DSSCX_insol_2ug_run1_121820.12842.12842.4.1.dta,4,2.92E+03,2.92E+03,null,6.19E-02,-0.00353,-1.209023,TLGPEAKSLLSGLLK(7)-LALLNEAKEVR(8),AKT1(377)-RICTOR(97)/,Maybe,,,,,,,,,,,,,
,mTORC_AktTorin_DSS_insolNo12_2ug_run1_041521.11845.11845.4.1.dta,4,3.38E+03,3.38E+03,Oxidation[M](11);Oxidation[M](22),2.12E-01,-0.008358,-2.470053,AAKELQHYVTMELR(3)-LENLMLDKDGHIK(8),mTOR(42)-mAkt(284)/,Maybe,,,,,,,,,,,,,
,mTORC_Akt_DSS_insolNo2_12ug_run1_041621.11327.11327.7.0.dta,7,4.94E+03,4.94E+03,Oxidation[M](3),3.75E-01,-0.007065,-1.430304,KYMKSGNVKDLTQAWDLYYHVFR(4)-EVIVAKDEVAHTLTENR(6),mTOR(2090)-AKT1(189)/,Maybe,,,,,,,,,,,,,
,mTORC_Akt_DSS_insolNo2_12ug_run1_041621.11183.11183.5.0.dta,5,3.74E+03,3.74E+03,null,4.32E-01,0.016613,4.447777,DLKLENLMLDKDGHIK(3)-PALSHLGDKGLLLLLR(9),AKT1(276)-RICTOR(800)/,Maybe,,,,,,,,,,,,,
,mTORC_Akt_DSS_insolNo2_12ug_run1_041621.12604.12604.4.0.dta,4,3.43E+03,3.43E+03,null,5.84E-01,0.002003,0.58469,WPNVNLRNYKDEQLHR(10)-GSQKVSGPQYR(4),RICTOR(566)-mSIN1(317)/,Maybe,,,,,,,,,,,,,
,,,,,,,,,,,,,,,,,,,,,,,,
EDC-DE,mTORC_Akt_EDCCX_insol_2ug_run1_121820.2504.2504.4.0.dta,4,2.12E+03,2.12E+03,null,1.53E-15,-0.008914,-4.208616,FDGKGHVGTTATK(4)-EYGGHQK(1),mSIN1(166)-mLST8(307)/,TRUE,,,,,,,,,,,,,
,mTORC_Akt_EDCCX_insol_2ug_run1_121820.7666.7666.4.0.dta,4,2.46E+03,2.46E+03,null,2.59E-11,-0.0006,-0.243683,LHEWEDALVAYDK(6)-GGKLSSESK(3),mTOR(1458)-RICTOR(1119)/,TRUE,,,,,,,,,,,,,
,mTORC_Akt_EDCCX_insol_2ug_run1_121820.11105.11105.4.0.dta,4,2.98E+03,2.98E+03,Carbamidomethyl[C](22),4.86E-06,-0.006152,-2.061231,EKPPISGKQSILSVR(2)-AVVCLAFNDSVLG(9),mSIN1(132)-mLST8(322)/,TRUE,,,,,,,,,,,,,
,mTORC_Akt_EDCCX_insol_2ug_run1_121820.10892.10892.4.1.dta,4,2.94E+03,2.94E+03,null,6.31E-06,-0.003516,-1.194125,LHEWEDALVAYDK(6)-DKNSFPFFASSK(2),mTOR(1458)-RICTOR(1082)/,TRUE,,,,,,,,,,,,,
,mTORC_Akt_EDCCX_insol_2ug_run1_121820.7600.7600.4.2.dta,4,2.20E+03,2.20E+03,null,1.32E-05,-0.002472,-1.124068,LHEWEDALVAYDK(6)-LVKNR(3),mTOR(1458)-RICTOR(1095)/,TRUE,,,,,,,,,,,,,
,mTORC_Akt_EDCCX_insol_2ug_run1_121820.10270.10270.4.1.dta,4,3.12E+03,3.12E+03,null,1.51E-03,-0.008206,-2.63127,IVKGYTLADEEEDPLIYQHR(3)-DIFILK(1),mTOR(1218)-RICTOR(517)/,TRUE,,,,,,,,,,,,,
,mTORC_Akt_EDCCX_insol_2ug_run1_121820.9711.9711.4.3.dta,4,2.55E+03,2.55E+03,null,4.66E-03,-0.004697,-1.841742,LHEWEDALVAYDK(5)-ASTKFWIK(4),mTOR(1457)-mSIN1(422)/,TRUE,,,,,,,,,,,,,
,mTORC_Akt_EDCCX_insol_2ug_run1_121820.7764.7764.4.0.dta,4,2.31E+03,2.31E+03,null,5.87E-03,-0.004064,-1.756136,LHEWEDALVAYDK(6)-SGPIKDK(5),mTOR(1458)-RICTOR(1080)/,TRUE,,,,,,,,,,,,,
,mTORC_Akt_EDCCX_insol_2ug_run1_121820.10084.10084.6.3.dta,6,3.76E+03,3.76E+03,null,6.33E-02,-0.007424,-1.973944,KEVIVAKDEVAHTLTENR(1)-INAAHGFSLIQVDNTK(13),AKT1(183)-mSIN1(295)/,TRUE,,,,,,,,,,,,,
,mTORC_Akt_EDC_insolNo7_wash_2ug_run1_041521.6256.6256.4.0.dta,4,2.20E+03,2.20E+03,null,1.56E-02,0.00343,1.55969,LHEWEDALVAYDK(5)-LVKNR(3),mTOR(1457)-RICTOR(1095)/,TRUE,,,,,,,,,,,,,
,mTORC_Akt_EDC_insolNo5_nowash_12ug_run1_041621.8867.8867.4.0.dta,4,3.47E+03,3.47E+03,Carbamidomethyl[C](4);Carbamidomethyl[C](23),2.10E-02,0.008407,2.425778,LEQCPLQLNNPFNEYSK(2)-LWCVETGEIKR(10),mSIN1(147)-mLST8(305)/,TRUE,,,,,,,,,,,,,
,mTORC_Akt_EDCCX_insol_2ug_run1_121820.12005.12005.6.0.dta,6,4.25E+03,4.25E+03,Carbamidomethyl[C](1),1.40E-01,0.004411,1.037586,CFLKLGEWQLNLQGINESTIPK(17)-PSSKLYANLDLDFAK(4),mTOR(1766)-RICTOR(586)/,TRUE,,,,,,,,,,,,,
,mTORC_Akt_EDCCX_insol_2ug_run1_121820.9690.9690.5.0.dta,5,3.34E+03,3.34E+03,null,5.31E-01,-0.004414,-1.323227,ISKQLPQLTSLELQYVSPK(3)-HSPDTAEGQLK(7),mTOR(2113)-RICTOR(270)/,TRUE,,,,,,,,,,,,,
,mTORC_Akt_EDCCX_insol_2ug_run1_121820.9724.9724.4.0.dta,4,2.81E+03,2.81E+03,null,6.62E-01,-0.00519,-1.846641,LHEWEDALVAYDK(6)-ILNSLTLPNKK(10),mTOR(1458)-RICTOR(1107)/,TRUE,,,,,,,,,,,,,
,mTORC_Akt_EDC_insolNo5_nowash_12ug_run1_041621.9501.9501.5.1.dta,5,3.77E+03,3.77E+03,null,2.34E-01,0.008249,2.189872,NVKGMFEVLEPLHAMMER(3)-AFAHDAGGLPSGTGGLVK(5),mTOR(2045)-RICTOR(1464)/,TRUE,,,,,,,,,,,,,
,mTORC_Akt_EDC_insolNo5_nowash_12ug_run1_041621.3316.3316.4.0.dta,4,1.92E+03,1.92E+03,null,2.45E-01,0.000685,0.356965,DDPELMLGR(1)-GGKLSSESK(3),mTOR(1472)-RICTOR(1119)/,TRUE,,,,,,,,,,,,,
,mTORC_Akt_EDC_insolNo5_nowash_12ug_run1_041621.11844.11844.4.0.dta,4,2.89E+03,2.89E+03,null,3.41E-01,0.008241,2.855877,ENLEWNWNLIGTILK(4)-GTFGKVILVK(5),RICTOR(545)-AKT1(163)/,TRUE,,,,,,,,,,,,,
,mTORC_Akt_EDCCX_insol_2ug_run1_121820.10068.10068.4.0.dta,4,3.16E+03,3.16E+03,Carbamidomethyl[C](3),4.84E-02,-0.005982,-1.894521,TFCGTPEYLAPEVLEDNDYGR(15)-SLKNLR(3),AKT1(322)-RICTOR(11)/,Maybe,,,,,,,,,,,,,
,mTORC_AktTorin_12mMEDCCX_insol_run1_032421.4027.4027.4.0.dta,4,1.61E+03,1.61E+03,null,4.30E-01,-0.015564,-9.679832,VDYLIAR(2)-EKFPEK(2),RICTOR(126)-mTOR(2370)/,Maybe,,,,,,,,,,,,,