Linker,Title,Charge,Precursor_Mass,Peptide_Mass,Modifications,Score,Precursor_Mass_Error(Da),Precursor_Mass_Error(ppm),Peptide,Proteins,
DSS,mTORC_Akt_DSSCX_insol_2ug_run1_121820.7396.7396.5.1.dta,5,2393.3,2393.31,null,2.53E-12,-0.004731,-1.976762,HKVNIGMIDQSR(2)-KNLSIQR(1),mTOR(900)-mTOR(2218)/,
,mTORC_Akt_DSSCX_insol_2ug_run1_121820.8299.8299.5.0.dta,5,2.55E+03,2.55E+03,null,3.81E-11,-0.005239,-2.057384,KGSQKVSGPQYR(5)-VTMKEILLK(4),mSIN1(317)-mSIN1(302)/,
,mTORC_Akt_DSSCX_insol_2ug_run1_121820.8786.8786.4.0.dta,4,1.99E+03,1.99E+03,null,2.24E-10,-0.003502,-1.764018,GTFGKVILVK(5)-KEVIVAK(1),AKT1(163)-AKT1(183)/,
,mTORC_Akt_DSSCX_insol_2ug_run1_121820.8937.8937.4.0.dta,4,3.11E+03,3.11E+03,null,2.66E-10,-0.004127,-1.326752,EVIVAKDEVAHTLTENR(6)-EGIKDGATMK(4),AKT1(189)-AKT1(301)/,
,mTORC_Akt_DSSCX_insol_2ug_run1_121820.8921.8921.4.0.dta,4,2.25E+03,2.25E+03,null,5.79E-10,-0.002683,-1.193366,GTFGKVILVK(5)-EGIKDGATMK(4),AKT1(163)-AKT1(301)/,
,mTORC2_Akt-ATP_DSSCX_insol_061320_run2.28550.28550.6.3.dta,6,3865.07,3865.08,null,2.20E-09,-0.010346,-2.676786,ANLHALIQMKPALSHLGDK(10)-FLSIPKGFSYLNER(6),RICTOR(791)-RICTOR(813)/,
,mTORC_Akt_DSSCX_insol_2ug_run1_121820.10070.10070.4.0.dta,4,2.91E+03,2.91E+03,Carbamidomethyl[C](5);Carbamidomethyl[C](11),3.26E-09,-0.008269,-2.838238,FDQVCQWVLKCR(10)-GFDETLAKEK(8),mTOR(379)-mTOR(251)/,
,mTORC_Akt_DSSCX_insol_2ug_run1_121820.11798.11798.5.0.dta,5,3.87E+03,3.87E+03,null,3.55E-09,-0.005194,-1.343826,ANLHALIQMKPALSHLGDK(10)-FLSIPKGFSYLNER(6),RICTR(791)-RICTR(813)/,
,mTORC2_Akt-ATP_DSSCX_insol_061320_run2.22594.22594.5.0.dta,5,3.40E+03,3.40E+03,Carbamidomethyl[C](19),4.40E-09,-0.00704,-2.071377,AAKELQHYVTMELR(3)-YCKDLMGFGTKPR(3),mTOR(42)-mTOR(301)/,
,mTORC_Akt_DSSCX_insol_2ug_run1_121820.9760.9760.4.1.dta,4,2.48E+03,2.48E+03,null,7.43E-09,-0.011312,-4.566248,YFLLKNDGTFIGYK(5)-EKATGR(2),AKT1(30)-AKT1(170)/,
,mTORC_Akt_DSSCX_insol_2ug_run1_121820.10372.10372.4.2.dta,4,2.60E+03,2.60E+03,null,2.55E-08,-0.00592,-2.274777,YFLLKNDGTFIGYK(5)-KEVIVAK(1),AKT1(30)-AKT1(183)/,
,mTORC_Akt_DSSCX_insol_2ug_run1_121820.9326.9326.5.2.dta,5,3.38E+03,3.38E+03,null,5.65E-08,-0.00518,-1.530416,SPSHAIFKLTYLSNHDYK(8)-ADYFAQKQR(7),mSIN1(454)-mSIN1(501)/,
,mTORC_Akt_DSSCX_insol_2ug_run1_121820.13490.13490.5.0.dta,5,4.00E+03,4.00E+03,Carbamidomethyl[C](16),5.84E-08,-0.008888,-2.21971,NKTISSEALDILDEACEDK(2)-PALSHLGDKGLLLLLR(9),RICTR(764)-RICTR(800)/,
,mTORC2_Akt-ATP_DSSCX_insol_061320_run2.22587.22587.5.0.dta,5,3.23E+03,3.23E+03,null,1.17E-07,-0.00399,-1.23538,ANLHALIQMKPALSHLGDK(10)-GYVAKQLEK(5),RICTOR(791)-RICTOR(826)/,
,mTORC_Akt_DSSCX_insol_2ug_run1_121820.6192.6192.5.0.dta,5,2.37E+03,2.37E+03,null,1.24E-07,-0.003655,-1.54198,LMDTNTKGNKR(7)-KAIQIINR(1),mTOR(2437)-mTOR(2496)/,
,mTORC_Akt_DSSCX_insol_2ug_run1_121820.11378.11378.4.0.dta,4,2.74E+03,2.74E+03,null,1.67E-07,-0.002231,-0.815275,YFLLKNDGTFIGYK(5)-LLGKGTFGK(4),AKT1(30)-AKT1(158)/,
,mTORC_Akt_DSSCX_insol_2ug_run1_121820.9073.9073.4.0.dta,4,2.59E+03,2.59E+03,Carbamidomethyl[C](9),2.79E-07,-0.008147,-3.146328,TWLKYASLCGK(4)-QELHKLMAR(5),mTOR(1655)-mTOR(1745)/,
,mTORC_Akt_DSSCX_insol_2ug_run1_121820.10300.10300.4.0.dta,4,3.12E+03,3.12E+03,null,2.79E-07,-0.005755,-1.842929,EVIVAKDEVAHTLTENR(6)-GTFGKVILVK(5),AKT1(189)-AKT1(163)/,
,mTORC2_Akt-ATP_DSSCX_insol_061320.24352.24352.5.0.dta,5,3968.04,3968.04,null,3.00E-07,-0.006932,-1.746956,NLLPSNDPVVMEMASKAIGR(16)-AAKELQHYVTMELR(3),mTOR(128)-mTOR(42)/,
,mTORC_Akt_DSSCX_insol_2ug_run1_121820.9334.9334.4.0.dta,4,2.96E+03,2.96E+03,null,5.04E-07,-0.005593,-1.887202,LSDGFVAAEAKTILPHR(11)-LYATKHLR(5),RICTR(374)-RICTR(734)/,
,mTORC_Akt_DSSCX_insol_2ug_run1_121820.13108.13108.5.0.dta,5,4.32E+03,4.32E+03,null,7.41E-07,-0.003462,-0.801889,DSQVLQHKENLEWNWNLIGTILK(8)-RLLYFYKPSSK(7),RICTR(541)-RICTR(582)/,
,mTORC_Akt_DSSCX_insol_2ug_run1_121820.7847.7847.5.0.dta,5,2.77E+03,2.77E+03,null,8.53E-07,-0.004293,-1.548994,VEIDPVTNQKASTK(10)-SFKVSMIHR(3),mSIN1(418)-mSIN1(387)/,
,mTORC_Akt_DSSCX_insol_2ug_run1_121820.11435.11435.4.2.dta,4,3.02E+03,3.02E+03,null,1.49E-06,-0.004686,-1.553869,PALSHLGDKGLLLLLR(9)-KPVDGDNYVR(1),RICTR(800)-RICTR(856)/,
,mTORC2_Akt-ATP_DSSCX_insol_061320_run2.22530.22530.6.1.dta,6,4.40E+03,4.40E+03,Carbamidomethyl[C](19),1.73E-06,-0.013904,-3.157716,LREEMEEITQQQLVHDKYCK(17)-AAKELQHYVTMELR(3),mTOR(298)-mTOR(42)/,
,mTORC_Akt_DSSCX_insol_2ug_run1_121820.11425.11425.4.0.dta,4,2.65E+03,2.65E+03,null,1.78E-06,-0.004894,-1.846434,VTMNEFEYLKLLGK(10)-VILVKEK(5),AKT1(154)-AKT1(168)/,
,mTORC_Akt_DSSCX_insol_2ug_run1_121820.8496.8496.4.0.dta,4,1.95E+03,1.95E+03,null,2.01E-06,-0.003338,-1.709035,YYAMKILK(5)-KEVIVAK(1),AKT1(179)-AKT1(183)/,
,mTORC_Akt_DSSCX_insol_2ug_run1_121820.7686.7686.4.0.dta,4,2.17E+03,2.17E+03,null,4.08E-06,-0.004529,-2.091646,VQKDIFILK(3)-AIATHQKR(7),RICTR(516)-RICTR(507)/,
,mTORC_Akt_DSSCX_insol_2ug_run1_121820.10969.10969.5.0.dta,5,2.85E+03,2.85E+03,null,4.50E-06,-0.007372,-2.582405,PALSHLGDKGLLLLLR(9)-LYATKHLR(5),RICTR(800)-RICTR(734)/,
,mTORC_Akt_DSSCX_insol_2ug_run1_121820.8614.8614.5.0.dta,5,2.40E+03,2.40E+03,null,4.60E-06,-0.002769,-1.155423,LLGKGTFGKVILVK(4)-KEVIVAK(1),AKT1(158)-AKT1(183)/,
,mTORC2_Akt-ATP_DSSCX_insol_061320_run2.19300.19300.4.3.dta,4,2.80E+03,2.80E+03,null,6.16E-06,-0.001427,-0.509382,TPDLDKWEEIKK(11)-KPVDGDNYVR(1),RICTOR(921)-RICTOR(856)/,
,mTORC2_Akt-ATP_DSSCX_insol_061320_run4.12399.12399.4.0.dta,4,2.27E+03,2.27E+03,null,6.49E-06,-0.003857,-1.698897,ILNSLTLPNKK(10)-GGKLSSESK(3),RICTOR(1107)-RICTOR(1119)/,
,mTORC_Akt_DSSCX_insol_2ug_run1_121820.9664.9664.5.0.dta,5,3.23E+03,3.23E+03,null,7.34E-06,-0.004544,-1.406909,ANLHALIQMKPALSHLGDK(10)-GYVAKQLEK(5),RICTR(791)-RICTR(826)/,
,mTORC2_Akt-ATP_DSSCX_insol_061320_run2.22221.22221.5.0.dta,5,3.47E+03,3.47E+03,null,8.55E-06,-0.005224,-1.507303,LSPPFKPQVTSETDTR(6)-LENLMLDKDGHIK(8),AKT1(426)-AKT1(284)/,
,mTORC_Akt_DSSCX_insol_2ug_run1_121820.11246.11246.5.0.dta,5,3.55E+03,3.55E+03,null,9.46E-06,-0.00694,-1.956603,LHVSTINLQKAWGAAR(10)-LSLELLKDSSSPSLR(7),mTOR(1267)-mTOR(1293)/,
,mTORC_Akt_DSSCX_insol_2ug_run1_121820.10065.10065.4.0.dta,4,2.46E+03,2.46E+03,null,9.93E-06,-0.006574,-2.673122,YFLLKNDGTFIGYK(5)-DPKQR(3),AKT1(30)-AKT1(389)/,
,mTORC2_Akt-ATP_DSSCX_insol_061320.21345.21345.4.0.dta,4,3.02E+03,3.02E+03,null,1.15E-05,-0.00557,-1.847001,PALSHLGDKGLLLLLR(9)-KPVDGDNYVR(1),RICTOR(800)-RICTOR(856)/,
,mTORC2_Akt-ATP_DSSCX_insol_061320_run4.23688.23688.6.0.dta,6,3.62E+03,3.62E+03,null,1.91E-05,-0.006709,-1.851337,HPFLTALKYSFQTHDR(8)-LENLMLDKDGHIK(8),AKT1(214)-AKT1(284)/,
,mTORC2_Akt-ATP_DSSCX_insol_061320.22507.22507.5.0.dta,5,5.11E+03,5.11E+03,Carbamidomethyl[C](9),2.00E-05,-0.006232,-1.219467,DGATMKTFCGTPEYLAPEVLEDNDYGR(6)-EVIVAKDEVAHTLTENR(6),AKT1(307)-AKT1(189)/,
,mTORC2_Akt-ATP_DSSCX_insol_061320_run2.35009.35009.5.0.dta,5,4.36E+03,4.36E+03,Carbamidomethyl[C](1);Carbamidomethyl[C](6);Carbamidomethyl[C](11);Carbamidomethyl[C](38),3.42E-05,-0.001073,-0.246142,CSVFQCLLNLCSLKNQDHLLK(14)-VILSKILTAATDACR(5),RICTOR(692)-RICTOR(719)/,
,mTORC_Akt_DSSCX_insol_2ug_run1_121820.13898.13898.5.0.dta,5,3.71E+03,3.71E+03,null,3.60E-05,-0.006736,-1.816595,INEALITTILHLLNHPKTR(17)-TPDLDKWEEIK(6),RICTR(239)-RICTR(916)/,
,mTORC2_Akt-ATP_DSSCX_insol_061320.25266.25266.6.0.dta,6,3.68E+03,3.68E+03,null,3.91E-05,-0.007317,-1.989337,LSDGFVAAEAKTILPHR(11)-PALSHLGDKGLLLLLR(9),RICTOR(374)-RICTOR(800)/,
,mTORC2_Akt-ATP_DSSCX_insol_061320_run2.25629.25629.4.0.dta,4,3.45E+03,3.45E+03,Carbamidomethyl[C](16),5.07E-05,-0.004011,-1.162387,NKTISSEALDILDEACEDK(2)-KPVDGDNYVR(1),RICTOR(764)-RICTOR(856)/,
,mTORC2_Akt-ATP_DSSCX_insol_061320.16909.16909.5.0.dta,5,2.96E+03,2.96E+03,null,5.48E-05,-0.007861,-2.652476,LSDGFVAAEAKTILPHR(11)-LYATKHLR(5),RICTOR(374)-RICTOR(734)/,
,mTORC2_Akt-ATP_DSSCX_insol_061320_run2.30879.30879.5.1.dta,5,4.05E+03,4.05E+03,null,5.80E-05,-0.00596,-1.471262,FYGAEIVSALDYLHSEKNVVYR(17)-KQEEEEMDFR(1),AKT1(268)-AKT1(112)/,
,mTORC_Akt_DSSCX_insol_2ug_run1_121820.11477.11477.4.3.dta,4,2.47E+03,2.47E+03,null,5.88E-05,-0.003122,-1.26231,VSKDDWLEWLR(3)-EPKEMQK(3),mTOR(1277)-mTOR(226)/,
,mTORC2_Akt-ATP_DSSCX_insol_061320_run2.20865.20865.4.0.dta,4,2.44E+03,2.44E+03,Carbamidomethyl[C](7),7.14E-05,-0.008549,-3.498985,ITDFGLCKEGIK(8)-EGWLHKR(6),AKT1(297)-AKT1(14)/,
,mTORC_Akt_DSSCX_insol_2ug_run1_121820.11275.11275.5.0.dta,5,3.84E+03,3.84E+03,Carbamidomethyl[C](13),8.44E-05,-0.01311,-3.410568,LSGKILHIDFGDCFEVAMTR(4)-HKVNIGMIDQSR(2),mTOR(2352)-mTOR(900)/,
,mTORC2_Akt-ATP_DSSCX_insol_061320_run2.25641.25641.4.0.dta,4,2.72E+03,2.72E+03,null,1.63E-04,-0.005854,-2.150985,YSSPGLTSKESLFVR(9)-EILLKAVK(5),mSIN1(276)-mSIN1(307)/,
,mTORC_Akt_DSSCX_insol_2ug_run1_121820.11861.11861.4.2.dta,4,2.50E+03,2.50E+03,null,1.63E-04,-0.014793,-5.921073,DLKLENLMLDK(3)-YYAMKILK(5),AKT1(276)-AKT1(179)/,
,mTORC2_Akt-ATP_DSSCX_insol_061320_run2.15204.15204.5.0.dta,5,2.65E+03,2.65E+03,null,1.69E-04,-0.003718,-1.403868,RGEYIKTWRPR(6)-EGIKDGATMK(4),AKT1(20)-AKT1(301)/,
,mTORC2_Akt-ATP_DSSCX_insol_061320.16326.16326.4.3.dta,4,2.54E+03,2.54E+03,null,1.70E-04,-0.003651,-1.437792,KQEEEEMDFR(1)-GTFGKVILVK(5),AKT1(112)-AKT1(163)/,
,mTORC2_Akt-ATP_DSSCX_insol_061320_run4.11402.11402.4.1.dta,4,3.13E+03,3.13E+03,null,1.88E-04,-0.003201,-1.023789,KIDVYLPLHSSQDR(1)-FDGKGHVGTTATK(4),mSIN1(176)-mSIN1(166)/,
,mTORC_Akt_DSSCX_insol_2ug_run1_121820.10049.10049.4.0.dta,4,3.06E+03,3.06E+03,null,2.21E-04,-0.005549,-1.811773,LSLELLKDSSSPSLR(7)-KLHVSTINLQK(1),mTOR(1293)-mTOR(1257)/,
,mTORC2_Akt-ATP_DSSCX_insol_061320.29863.29863.5.0.dta,5,5.16E+03,5.16E+03,null,2.36E-04,-0.015091,-2.924187,VEVFEHAVNNTAGDDLAKLLWLK(18)-ELEFQKGPTPAILESLISINNK(6),mTOR(2301)-mTOR(1406)/,
,mTORC2_Akt-ATP_DSSCX_insol_061320_run2.16279.16279.3.1.dta,3,1.86E+03,1.86E+03,null,2.39E-04,-0.004148,-2.229993,GTFGKVILVK(5)-EKATGR(2),AKT1(163)-AKT1(170)/,
,mTORC2_Akt-ATP_DSSCX_insol_061320_run2.16416.16416.5.0.dta,5,2.17E+03,2.17E+03,null,2.66E-04,-0.003681,-1.700011,VQKDIFILK(3)-AIATHQKR(7),RICTOR(516)-RICTOR(507)/,
,mTORC_Akt_DSSCX_insol_2ug_run1_121820.11862.11862.4.1.dta,4,2.85E+03,2.85E+03,Carbamidomethyl[C](7),2.73E-04,-0.006779,-2.379011,ITDFGLCKEGIK(8)-DLKLENLMLDK(3),AKT1(297)-AKT1(276)/,
,mTORC2_Akt-ATP_DSSCX_insol_061320_run4.16737.16737.5.0.dta,5,2.35E+03,2.35E+03,null,2.83E-04,-0.006023,-2.564824,MLSLVLMHKPLR(9)-DFAHKR(5),mTOR(550)-mTOR(471)/,
,mTORC2_Akt-ATP_DSSCX_insol_061320_run2.29333.29333.5.0.dta,5,5.63E+03,5.63E+03,Carbamidomethyl[C](42);Carbamidomethyl[C](44),3.05E-04,-0.020746,-3.687676,LTYLSNHDYKHLYFESDAATVNEIVLK(10)-QKPISIDSDLLCACDLAEEK(2),mSIN1(464)-mSIN1(428)/,
,mTORC_Akt_DSSCX_insol_1ugul_run1_121720.7214.7214.4.2.dta,4,2.01E+03,2.01E+03,null,3.31E-04,-0.005866,-2.922432,ILNSLTLPNKK(10)-LVKNR(3),RICTR(1107)-RICTR(1095)/,
,mTORC_Akt_DSSCX_insol_2ug_run1_121820.8713.8713.4.0.dta,4,2.22E+03,2.22E+03,null,3.46E-04,-0.003283,-1.481384,EGIKDGATMK(4)-YYAMKILK(5),AKT1(301)-AKT1(179)/,
,mTORC2_Akt-ATP_DSSCX_insol_061320_run2.23720.23720.4.0.dta,4,3.09E+03,3.09E+03,null,3.63E-04,-0.00756,-2.446084,EVIVAKDEVAHTLTENR(6)-YYAMKILK(5),AKT1(189)-AKT1(179)/,
,mTORC_Akt_DSSCX_insol_2ug_run1_121820.12122.12122.4.0.dta,4,2.88E+03,2.88E+03,null,3.83E-04,-0.007774,-2.695907,VTMNEFEYLKLLGK(10)-GTFGKVILVK(5),AKT1(154)-AKT1(163)/,
,mTORC2_Akt-ATP_DSSCX_insol_061320.19624.19624.4.0.dta,4,2.87E+03,2.87E+03,null,4.27E-04,-0.007155,-2.496969,YFLLKNDGTFIGYK(5)-EGIKDGATMK(4),AKT1(30)-AKT1(301)/,
,mTORC2_Akt-ATP_DSSCX_insol_061320.22552.22552.4.0.dta,4,2.88E+03,2.88E+03,null,4.72E-04,-0.006002,-2.085754,YFLLKNDGTFIGYK(5)-GTFGKVILVK(5),AKT1(30)-AKT1(163)/,
,mTORC2_Akt-ATP_DSSCX_insol_061320_run2.28149.28149.5.0.dta,5,3.19E+03,3.19E+03,null,5.14E-04,-0.007128,-2.231275,NVKGMFEVLEPLHAMMER(3)-YMKSGNVK(3),mTOR(2045)-mTOR(2090)/,
,mTORC2_Akt-ATP_DSSCX_insol_061320.18119.18119.4.3.dta,4,2.12E+03,2.12E+03,null,5.57E-04,-0.00574,-2.708456,GTFGKVILVK(5)-LLGKGTFGK(4),AKT1(163)-AKT1(158)/,
,mTORC2_Akt-ATP_DSSCX_insol_061320.19391.19391.4.0.dta,4,2.95E+03,2.95E+03,null,7.04E-04,-0.008125,-2.756558,AAKELQHYVTMELR(3)-DLMGFGTKPR(8),mTOR(42)-mTOR(309)/,
,mTORC2_Akt-ATP_DSSCX_insol_061320.25486.25486.4.0.dta,4,3.65E+03,3.65E+03,null,7.18E-04,-0.008811,-2.414067,DIVQWLNASSGMKPER(13)-PSSKLYANLDLDFAK(4),RICTOR(641)-RICTOR(586)/,
,mTORC2_Akt-ATP_DSSCX_insol_061320.25411.25411.4.0.dta,4,4.40E+03,4.40E+03,null,7.48E-04,-0.010035,-2.282081,ALSYASLDKEDLLSPINQNTLQR(9)-FLSIPKGFSYLNER(6),RICTOR(1391)-RICTOR(813)/,
,mTORC2_Akt-ATP_DSSCX_insol_061320.20599.20599.7.0.dta,7,5.95E+03,5.95E+03,Carbamidomethyl[C](49),8.03E-04,-0.006516,-1.094207,TSHYLTPQSNHLSLSKSNSVSLVPPGSSHTLPR(16)-APSIATIKSLADCNFSYTSSR(8),RICTOR(1281)-RICTOR(1312)/,
,mTORC_Akt_DSSCX_insol_2ug_run1_121820.4797.4797.5.0.dta,5,2.19E+03,2.19E+03,null,8.93E-04,-0.003441,-1.569701,LMDTNTKGNKR(7)-EKFPEK(2),mTOR(2437)-mTOR(2370)/,
,mTORC_Akt_DSSCX_insol_2ug_run1_121820.8768.8768.4.1.dta,4,2.94E+03,2.94E+03,null,9.47E-04,0.005145,1.751992,IQSIAPSLQVITSKQRPR(14)-EKFPEK(2),mTOR(2166)-mTOR(2370)/,
,mTORC_Akt_DSSCX_insol_2ug_run1_121820.11177.11177.6.1.dta,6,4.48E+03,4.48E+03,Carbamidomethyl[C](16);Carbamidomethyl[C](26),9.59E-04,-0.007135,-1.592509,AVLALHQDLFSLAQQCIDKAR(19)-ACLILTTQREPKEMQK(12),mTOR(1566)-mTOR(226)/,
,mTORC_Akt_DSSCX_insol_1ugul_run1_121720.3130.3130.5.0.dta,5,1.76E+03,1.76E+03,Carbamidomethyl[C](6),1.08E-03,-0.008556,-4.869706,QNQIKCK(5)-LRKER(3),mSIN1(102)-mSIN1(95)/,
,mTORC2_Akt-ATP_DSSCX_insol_061320.29852.29852.4.0.dta,4,4.18E+03,4.18E+03,null,1.19E-03,-0.009145,-2.189763,NLLPSNDPVVMEMASKAIGR(16)-KGGILAIASLIGVEGGNATR(1),mTOR(128)-mTOR(84)/,
,mTORC_Akt_DSSCX_insol_2ug_run1_121820.10678.10678.4.2.dta,4,2.74E+03,2.74E+03,null,1.21E-03,-0.00675,-2.462205,YFLLKNDGTFIGYK(5)-EGWLHKR(6),AKT1(30)-AKT1(14)/,
,mTORC2_Akt-ATP_DSSCX_insol_061320_run4.16999.16999.5.1.dta,5,3.25E+03,3.25E+03,null,1.32E-03,-0.002954,-0.908688,KEVIVAKDEVAHTLTENR(1)-GTFGKVILVK(5),AKT1(183)-AKT1(163)/,
,mTORC_Akt_DSSCX_insol_2ug_run1_121820.10364.10364.4.1.dta,4,2.76E+03,2.76E+03,Carbamidomethyl[C](22),1.49E-03,-0.007177,-2.600842,VLGLLGALDPYKHK(12)-YASLCGKSGR(7),mTOR(898)-mTOR(1662)/,
,mTORC2_Akt-ATP_DSSCX_insol_061320_run2.33573.33573.4.0.dta,4,3.60E+03,3.60E+03,Carbamidomethyl[C](33),1.50E-03,-0.006543,-1.817554,DIVQWLNASSGMKPER(13)-VILSKILTAATDACR(5),RICTOR(641)-RICTOR(719)/,
,mTORC_Akt_DSSCX_insol_1ugul_run1_121720.10254.10254.5.0.dta,5,3.74E+03,3.74E+03,null,1.69E-03,-0.011087,-2.964472,EVIVAKDEVAHTLTENR(6)-YFLLKNDGTFIGYK(5),AKT1(189)-AKT1(30)/,
,mTORC_Akt_DSSCX_insol_2ug_run1_121820.7897.7897.4.0.dta,4,2.27E+03,2.27E+03,null,1.74E-03,-0.002894,-1.274723,ILNSLTLPNKK(10)-GGKLSSESK(3),RICTR(1107)-RICTR(1119)/,
,mTORC2_Akt-ATP_DSSCX_insol_061320_run2.20648.20648.4.1.dta,4,2.12E+03,2.12E+03,null,1.84E-03,-0.003937,-1.854229,LALLNEAKEVR(8)-SLKNLR(3),RICTOR(97)-RICTOR(11)/,
,mTORC2_Akt-ATP_DSSCX_insol_061320_run4.30680.30680.5.0.dta,5,4.35E+03,4.35E+03,Carbamidomethyl[C](16),1.87E-03,-0.008191,-1.885066,NKTISSEALDILDEACEDK(2)-ANLHALIQMKPALSHLGDK(10),RICTOR(764)-RICTOR(791)/,
,mTORC2_Akt-ATP_DSSCX_insol_061320.20316.20316.5.1.dta,5,3.70E+03,3.70E+03,null,1.96E-03,-0.010308,-2.78364,RLSLELLKDSSSPSLR(8)-LHVSTINLQKAWGAAR(10),mTOR(1293)-mTOR(1267)/,
,mTORC2_Akt-ATP_DSSCX_insol_061320_run2.17111.17111.4.0.dta,4,2.01E+03,2.01E+03,null,2.15E-03,-0.003443,-1.715297,ILNSLTLPNKK(10)-LVKNR(3),RICTOR(1107)-RICTOR(1095)/,
,mTORC_Akt_DSSCX_insol_2ug_run1_121820.7932.7932.4.0.dta,4,2.37E+03,2.37E+03,null,2.16E-03,-0.003724,-1.572458,GEYIKTWRPR(5)-EGWLHKR(6),AKT1(20)-AKT1(14)/,
,mTORC2_Akt-ATP_DSSCX_insol_061320_run4.34704.34704.4.0.dta,4,4.52E+03,4.52E+03,Carbamidomethyl[C](9),2.23E-03,-0.007512,-1.662631,DGATMKTFCGTPEYLAPEVLEDNDYGR(6)-DLKLENLMLDK(3),AKT1(307)-AKT1(276)/,
,mTORC2_Akt-ATP_DSSCX_insol_061320.20563.20563.5.1.dta,5,2.85E+03,2.85E+03,null,2.26E-03,-0.007796,-2.730932,PALSHLGDKGLLLLLR(9)-LYATKHLR(5),RICTOR(800)-RICTOR(734)/,
,mTORC_Akt_DSSCX_insol_1ugul_run1_121720.3883.3883.4.0.dta,4,1.51E+03,1.51E+03,null,2.29E-03,-0.004652,-3.07897,SGPIKDK(5)-LVKNR(3),RICTR(1080)-RICTR(1095)/,
,mTORC_Akt_DSSCX_insol_2ug_run1_121820.12575.12575.4.0.dta,4,2.85E+03,2.85E+03,null,2.47E-03,-0.009292,-3.261028,VSKDDWLEWLR(3)-EMQKPQWYR(4),mTOR(1277)-mTOR(230)/,
,mTORC2_Akt-ATP_DSSCX_insol_061320_run2.27013.27013.6.0.dta,6,4.26E+03,4.26E+03,Carbamidomethyl[C](35),2.48E-03,-0.011383,-2.671349,QLDHPLPTVHPQVTYAYMKNMWK(19)-TWLKYASLCGK(4),mTOR(1702)-mTOR(1655)/,
,mTORC2_Akt-ATP_DSSCX_insol_061320.28096.28096.5.0.dta,5,4.16E+03,4.16E+03,null,2.71E-03,-0.007878,-1.893201,DSQVLQHKENLEWNWNLIGTILK(8)-LLYFYKPSSK(6),RICTOR(541)-RICTOR(582)/,
,mTORC2_Akt-ATP_DSSCX_insol_061320.28998.28998.5.0.dta,5,4.39E+03,4.39E+03,null,2.89E-03,-0.005103,-1.162614,FYGAEIVSALDYLHSEKNVVYR(17)-YFLLKNDGTFIGYK(5),AKT1(268)-AKT1(30)/,
,mTORC_Akt_DSSCX_insol_2ug_run1_121820.11736.11736.4.0.dta,4,3.20E+03,3.20E+03,Carbamidomethyl[C](24),3.38E-03,-0.001395,-0.436392,YFLLKNDGTFIGYK(5)-ITDFGLCKEGIK(8),AKT1(30)-AKT1(297)/,
,mTORC2_Akt-ATP_DSSCX_insol_061320_run2.6246.6246.3.0.dta,3,1.63E+03,1.63E+03,null,3.38E-03,-0.003171,-1.946717,SSSDPKGGK(6)-LVKNR(3),RICTOR(1116)-RICTOR(1095)/,
,mTORC2_Akt-ATP_DSSCX_insol_061320.16006.16006.4.0.dta,4,2.59E+03,2.59E+03,null,3.44E-03,-0.004632,-1.79022,YFLLKNDGTFIGYK(5)-KDPKQR(1),AKT1(30)-AKT1(386)/,
,mTORC2_Akt-ATP_DSSCX_insol_061320_run2.34071.34071.4.0.dta,4,3.47E+03,3.47E+03,Carbamidomethyl[C](11),4.88E-03,-0.006896,-1.986943,DLMEEKFDQVCQWVLK(6)-EMQKPQWYR(4),mTOR(369)-mTOR(230)/,
,mTORC_Akt_DSSCX_insol_2ug_run1_121820.7488.7488.4.0.dta,4,2.24E+03,2.24E+03,null,5.53E-03,-0.004257,-1.900235,ILNSLTLPNKK(10)-SSSDPKGGK(6),RICTR(1107)-RICTR(1116)/,
,mTORC2_Akt-ATP_DSSCX_insol_061320_run2.19648.19648.5.0.dta,5,2.98E+03,2.98E+03,Carbamidomethyl[C](21),5.72E-03,-0.008023,-2.692655,RGEYIKTWRPR(6)-ITDFGLCKEGIK(8),AKT1(20)-AKT1(297)/,
,mTORC2_Akt-ATP_DSSCX_insol_061320_run3.13521.13521.5.1.dta,5,2.66E+03,2.66E+03,null,6.29E-03,-0.003118,-1.171943,RGEYIKTWRPR(6)-GTFGKVILVK(5),AKT1(20)-AKT1(163)/,
,mTORC_Akt_DSSCX_insol_2ug_run1_121820.3133.3133.4.0.dta,4,2.03E+03,2.03E+03,null,6.85E-03,-0.007863,-3.871243,LSSESKTSNRR(6)-LVKNR(3),RICTR(1125)-RICTR(1095)/,
,mTORC2_Akt-ATP_DSSCX_insol_061320.22784.22784.5.1.dta,5,5.30E+03,5.30E+03,Carbamidomethyl[C](1);Carbamidomethyl[C](15);Carbamidomethyl[C](16),7.09E-03,0.001512,0.285099,CLEALGEWGQLHQQCCEKWTLVNDETQAK(18)-MDTNKDDPELMLGR(5),mTOR(1500)-mTOR(1471)/,
,mTORC2_Akt-ATP_DSSCX_insol_061320_run4.17447.17447.4.0.dta,4,3.40E+03,3.40E+03,null,7.27E-03,-0.003961,-1.164434,EVIVAKDEVAHTLTENR(6)-KQEEEEMDFR(1),AKT1(189)-AKT1(112)/,
,mTORC2_Akt-ATP_DSSCX_insol_061320.27641.27641.5.1.dta,5,4.00E+03,4.00E+03,Carbamidomethyl[C](16),7.35E-03,-0.008327,-2.079605,NKTISSEALDILDEACEDK(2)-PALSHLGDKGLLLLLR(9),RICTOR(764)-RICTOR(800)/,
,mTORC2_Akt-ATP_DSSCX_insol_061320.19826.19826.5.1.dta,5,3.64E+03,3.64E+03,null,7.87E-03,-0.006484,-1.780867,HRVTMNEFEYLKLLGK(12)-LENLMLDKDGHIK(8),AKT1(154)-AKT1(284)/,
,mTORC2_Akt-ATP_DSSCX_insol_061320.23617.23617.4.0.dta,4,3.57E+03,3.57E+03,Carbamidomethyl[C](13),8.76E-03,-0.008234,-2.307879,APSIATIKSLADCNFSYTSSR(8)-DAFGYATLKR(9),RICTOR(1312)-RICTOR(1334)/,
,mTORC_Akt_DSSCX_insol_2ug_run1_121820.10303.10303.4.2.dta,4,2.55E+03,2.55E+03,Carbamidomethyl[C](7),8.78E-03,-0.005322,-2.089222,ITDFGLCKEGIK(8)-YYAMKILK(5),AKT1(297)-AKT1(179)/,
,mTORC2_Akt-ATP_DSSCX_insol_061320.20998.20998.6.1.dta,6,3.41E+03,3.41E+03,null,9.24E-03,-0.010278,-3.009847,FFAGIVWQHVYEKK(13)-LENLMLDKDGHIK(8),AKT1(419)-AKT1(284)/,
,mTORC_Akt_DSSCX_insol_2ug_run1_121820.9172.9172.5.0.dta,5,2.82E+03,2.82E+03,Carbamidomethyl[C](7),9.37E-03,-0.006449,-2.284056,ITDFGLCKEGIK(8)-GEYIKTWRPR(5),AKT1(297)-AKT1(20)/,
,mTORC_Akt_DSSCX_insol_2ug_run1_121820.10363.10363.4.0.dta,4,2.23E+03,2.23E+03,null,9.39E-03,-0.003618,-1.62365,GTFGKVILVK(5)-YYAMKILK(5),AKT1(163)-AKT1(179)/,
,mTORC_Akt_DSSCX_insol_1ugul_run1_121720.12818.12818.4.4.dta,4,3.73E+03,3.73E+03,Carbamidomethyl[C](25);Carbamidomethyl[C](31),9.64E-03,0.000628,0.168321,NSKNSLIQMTILNLLPR(3)-FDQVCQWVLKCR(10),mTOR(384)-mTOR(379)/,
,mTORC2_Akt-ATP_DSSCX_insol_061320.15617.15617.5.0.dta,5,3.52E+03,3.52E+03,null,1.05E-02,-0.007128,-2.023344,EVIVAKDEVAHTLTENR(6)-RGEYIKTWRPR(6),AKT1(189)-AKT1(20)/,
,mTORC2_Akt-ATP_DSSCX_insol_061320_run2.11057.11057.4.0.dta,4,1.93E+03,1.93E+03,null,1.05E-02,-0.004099,-2.129284,TSFSFQKEK(7)-KLNRR(1),mSIN1(515)-mSIN1(504)/,
,mTORC2_Akt-ATP_DSSCX_insol_061320.23220.23220.5.0.dta,5,2.99E+03,2.99E+03,Carbamidomethyl[C](26),1.17E-02,-0.008472,-2.835681,VLGLLGALDPYKHK(12)-TWLKYASLCGK(4),mTOR(898)-mTOR(1655)/,
,mTORC2_Akt-ATP_DSSCX_insol_061320.5875.5875.4.1.dta,4,1.51E+03,1.51E+03,null,1.20E-02,-0.003374,-2.233113,SGPIKDK(5)-LVKNR(3),RICTOR(1080)-RICTOR(1095)/,
,mTORC2_Akt-ATP_DSSCX_insol_061320.16163.16163.5.0.dta,5,3.13E+03,3.13E+03,null,1.22E-02,-0.0068,-2.174129,NQDHLLKLTVSSLDYSR(7)-LYATKHLR(5),RICTOR(699)-RICTOR(734)/,
,mTORC2_Akt-ATP_DSSCX_insol_061320_run3.21445.21445.5.0.dta,5,4.34E+03,4.34E+03,Carbamidomethyl[C](9),1.33E-02,-0.007467,-1.718887,DGATMKTFCGTPEYLAPEVLEDNDYGR(6)-YYAMKILKK(8),AKT1(307)-AKT1(182)/,
,mTORC2_Akt-ATP_DSSCX_insol_061320_run2.33393.33393.4.4.dta,4,3.23E+03,3.23E+03,null,1.50E-02,-0.004524,-1.400728,NSKNSLIQMTILNLLPR(3)-GFDETLAKEK(8),mTOR(384)-mTOR(251)/,
,mTORC_Akt_DSSCX_insol_2ug_run1_121820.14184.14184.5.0.dta,5,4.36E+03,4.36E+03,Carbamidomethyl[C](1);Carbamidomethyl[C](6);Carbamidomethyl[C](11);Carbamidomethyl[C](38),1.55E-02,0.005535,1.269708,CSVFQCLLNLCSLKNQDHLLK(14)-VILSKILTAATDACR(5),RICTR(692)-RICTR(719)/,
,mTORC_Akt_DSSCX_insol_2ug_run1_121820.8905.8905.5.0.dta,5,3.59E+03,3.59E+03,null,1.55E-02,-0.00393,-1.093523,KLSPPFKPQVTSETDTR(1)-LENLMLDKDGHIK(8),AKT1(420)-AKT1(284)/,
,mTORC2_Akt-ATP_DSSCX_insol_061320.27186.27186.5.0.dta,5,3.74E+03,3.74E+03,null,1.56E-02,-0.005983,-1.599756,FYGAEIVSALDYLHSEKNVVYR(17)-YYAMKILK(5),AKT1(268)-AKT1(179)/,
,mTORC2_Akt-ATP_DSSCX_insol_061320.19326.19326.5.1.dta,5,3.44E+03,3.44E+03,Carbamidomethyl[C](27),1.64E-02,-0.007755,-2.253186,EVIVAKDEVAHTLTENR(6)-ITDFGLCKEGIK(8),AKT1(189)-AKT1(297)/,
,mTORC2_Akt-ATP_DSSCX_insol_061320_run4.23416.23416.5.1.dta,5,3.82E+03,3.82E+03,null,1.67E-02,-0.006814,-1.782837,DLKLENLMLDKDGHIK(11)-LSPPFKPQVTSETDTR(6),AKT1(284)-AKT1(426)/,
,mTORC2_Akt-ATP_DSSCX_insol_061320.18411.18411.4.0.dta,4,3.28E+03,3.28E+03,null,1.69E-02,-0.003394,-1.035466,YFLLKNDGTFIGYK(5)-RGEYIKTWRPR(6),AKT1(30)-AKT1(20)/,
,mTORC_Akt_DSSCX_insol_2ug_run1_121820.11107.11107.6.4.dta,6,3.75E+03,3.75E+03,Oxidation[M](29),2.00E-02,-0.03195,-8.524441,KEVIVAKDEVAHTLTENR(1)-ATGRYYAMKILKK(12),AKT1(183)-AKT1(182)/,
,mTORC2_Akt-ATP_DSSCX_insol_061320_run4.33388.33388.6.0.dta,6,4.99E+03,4.99E+03,Carbamidomethyl[C](15),2.06E-02,-0.012996,-2.606223,KHLWPVVPDDVEQLCNELSSIPSTLSLNSESTSSR(1)-AIATHQKR(7),RICTOR(998)-RICTOR(507)/,
,mTORC2_Akt-ATP_DSSCX_insol_061320_run3.26674.26674.5.2.dta,5,3.76E+03,3.76E+03,null,2.17E-02,-0.003028,-0.805342,FYGAEIVSALDYLHSEKNVVYR(17)-EGIKDGATMK(4),AKT1(268)-AKT1(301)/,
,mTORC_Akt_DSSCX_insol_2ug_run1_121820.10020.10020.4.0.dta,4,2.93E+03,2.93E+03,null,2.18E-02,-0.006499,-2.214688,YSSPGLTSKESLFVR(9)-ADYFAQKQR(7),mSIN1(276)-mSIN1(501)/,
,mTORC2_Akt-ATP_DSSCX_insol_061320_run2.29729.29729.6.1.dta,6,4.15E+03,4.15E+03,Carbamidomethyl[C](25),2.50E-02,-0.008487,-2.044036,LAAFRPSAFTDTQYLQDTMNHVLSCVKK(27)-DFAHKR(5),mTOR(425)-mTOR(471)/,
,mTORC2_Akt-ATP_DSSCX_insol_061320.21013.21013.5.0.dta,5,4.34E+03,4.34E+03,Carbamidomethyl[C](9),2.80E-02,-0.01116,-2.569007,DGATMKTFCGTPEYLAPEVLEDNDYGR(6)-YYAMKILKK(5),AKT1(307)-AKT1(179)/,
,mTORC2_Akt-ATP_DSSCX_insol_061320.24392.24392.5.3.dta,5,3.66E+03,3.66E+03,Carbamidomethyl[C](16),2.97E-02,-0.007048,-1.927838,AVLALHQDLFSLAQQCIDKAR(19)-DLMGFGTKPR(8),mTOR(1566)-mTOR(309)/,
,mTORC2_Akt-ATP_DSSCX_insol_061320.20751.20751.5.0.dta,5,4.49E+03,4.49E+03,Carbamidomethyl[C](9),3.04E-02,-0.010122,-2.253278,DGATMKTFCGTPEYLAPEVLEDNDYGR(6)-GEYIKTWRPR(5),AKT1(307)-AKT1(20)/,
,mTORC2_Akt-ATP_DSSCX_insol_061320_run3.33632.33632.6.3.dta,6,4.84E+03,4.84E+03,Carbamidomethyl[C](14),3.04E-02,-0.003099,-0.64076,TISSEALDILDEACEDKANLHALIQMK(17)-FLSIPKGFSYLNER(6),RICTOR(781)-RICTOR(813)/,
,mTORC_Akt_DSSCX_insol_2ug_run1_121820.8183.8183.5.0.dta,5,3.20E+03,3.20E+03,null,3.15E-02,-0.005215,-1.629389,NDGTFIGYKERPQDVDQR(9)-EGWLHKR(6),AKT1(39)-AKT1(14)/,
,mTORC_Akt_DSSCX_insol_2ug_run1_121820.8755.8755.5.0.dta,5,3.22E+03,3.22E+03,null,3.20E-02,-0.002742,-0.851884,KEVIVAKDEVAHTLTENR(1)-YYAMKILK(5),AKT1(183)-AKT1(179)/,
,mTORC2_Akt-ATP_DSSCX_insol_061320_run4.17675.17675.4.0.dta,4,2.89E+03,2.89E+03,null,3.21E-02,-0.00536,-1.854909,EVIVAKDEVAHTLTENR(6)-VILVKEK(5),AKT1(189)-AKT1(168)/,
,mTORC2_Akt-ATP_DSSCX_insol_061320_run2.33147.33147.4.0.dta,4,3.99E+03,3.99E+03,null,3.24E-02,0.001279,0.320474,EYNSKYVDLIEEQLNEALTTYR(5)-KPVDGDNYVR(1),RICTOR(838)-RICTOR(856)/,
,mTORC2_Akt-ATP_DSSCX_insol_061320_run4.25522.25522.4.0.dta,4,2.75E+03,2.75E+03,null,4.03E-02,-0.010308,-3.74497,DKNSFPFFASSK(2)-ILNSLTLPNKK(10),RICTOR(1082)-RICTOR(1107)/,
,mTORC2_Akt-ATP_DSSCX_insol_061320.23336.23336.4.0.dta,4,4.25E+03,4.25E+03,Carbamidomethyl[C](9),4.33E-02,-0.010866,-2.557857,DGATMKTFCGTPEYLAPEVLEDNDYGR(6)-GTFGKVILVK(5),AKT1(307)-AKT1(163)/,
,mTORC2_Akt-ATP_DSSCX_insol_061320_run2.33618.33618.4.1.dta,4,4.53E+03,4.53E+03,Carbamidomethyl[C](6),4.71E-02,-0.024536,-5.419469,SLGLKCVQFLPQVMPTFLNVIR(5)-SGQGDALASGPVETGPMKK(18),mTOR(985)-mTOR(1256)/,
,mTORC2_Akt-ATP_DSSCX_insol_061320_run4.37010.37010.7.0.dta,7,7.21E+03,7.21E+03,Carbamidomethyl[C](23);Carbamidomethyl[C](36),5.03E-02,-0.007618,-1.056324,LQRPHVYLPIHLYGQLVHHKTGCHLLEVQNIITELCR(20)-ALSYASLDKEDLLSPINQNTLQR(9),RICTOR(890)-RICTOR(1391)/,
,mTORC2_Akt-ATP_DSSCX_insol_061320.9933.9933.4.0.dta,4,2.25E+03,2.25E+03,null,5.05E-02,-0.005499,-2.443603,RAQSLKAPSIATIK(6)-LVKNR(3),RICTOR(1304)-RICTOR(1095)/,
,mTORC2_Akt-ATP_DSSCX_insol_061320.22427.22427.4.0.dta,4,4.11E+03,4.11E+03,Carbamidomethyl[C](9),5.06E-02,-0.004572,-1.113229,DGATMKTFCGTPEYLAPEVLEDNDYGR(6)-LLGKGTFGK(4),AKT1(307)-AKT1(158)/,
,mTORC2_Akt-ATP_DSSCX_insol_061320_run4.25402.25402.5.0.dta,5,4.11E+03,4.11E+03,Carbamidomethyl[C](9),5.19E-02,-0.006068,-1.475711,DGATMKTFCGTPEYLAPEVLEDNDYGR(6)-EGWLHKR(6),AKT1(307)-AKT1(14)/,
,mTORC2_Akt-ATP_DSSCX_insol_061320.17782.17782.6.4.dta,6,4.40E+03,4.40E+03,Carbamidomethyl[C](19);Carbamidomethyl[C](33);Oxidation[M](30),6.03E-02,-0.025218,-5.725902,LREEMEEITQQQLVHDKYCK(17)-QELHKLMARCFLK(5),mTOR(298)-mTOR(1745)/,
,mTORC2_Akt-ATP_DSSCX_insol_061320.18489.18489.5.0.dta,5,3.83E+03,3.83E+03,null,6.37E-02,-0.017843,-4.657363,KTGTTVPESIHSFIGDGLVKPEALNK(1)-KAIQIINR(1),mTOR(2470)-mTOR(2496)/,
,mTORC_Akt_DSSCX_insol_2ug_run1_121820.10744.10744.5.0.dta,5,3.86E+03,3.86E+03,null,6.48E-02,-0.002489,-0.644161,AWHAWAVMNFEAVLHYKHQNQAR(17)-KVTEDLSK(1),mTOR(1805)-mTOR(1868)/,
,mTORC2_Akt-ATP_DSSCX_insol_061320.25823.25823.4.2.dta,4,3.90E+03,3.90E+03,Carbamidomethyl[C](13),6.92E-02,-0.006509,-1.669842,APSIATIKSLADCNFSYTSSR(8)-NSFPFFASSKLVK(10),RICTOR(1312)-RICTOR(1092)/,
,mTORC_Akt_DSSCX_insol_2ug_run1_121820.10828.10828.5.0.dta,5,3.70E+03,3.70E+03,null,7.04E-02,-0.008729,-2.357251,TGTTVPESIHSFIGDGLVKPEALNK(19)-KAIQIINR(1),mTOR(2489)-mTOR(2496)/,
,mTORC2_Akt-ATP_DSSCX_insol_061320.18629.18629.5.0.dta,5,3.88E+03,3.88E+03,null,7.41E-02,-0.008344,-2.151592,FTTDVQLGISGDKVEIDPVTNQKASTK(23)-FWIKQK(4),mSIN1(418)-mSIN1(426)/,
,mTORC_Akt_DSSCX_insol_2ug_run1_121820.6575.6575.4.2.dta,4,2.09E+03,2.09E+03,Carbamidomethyl[C](5),7.46E-02,-0.001059,-0.505704,YASLCGKSGR(7)-KNLSIQR(1),mTOR(1662)-mTOR(2218)/,
,mTORC_Akt_DSSCX_insol_1ugul_run1_121720.2755.2755.4.0.dta,4,2.26E+03,2.26E+03,null,7.55E-02,-0.013817,-6.102517,LSSESKTSNRR(6)-SSSDPKGGK(6),RICTR(1125)-RICTR(1116)/,
,mTORC2_Akt-ATP_DSSCX_insol_061320.19206.19206.4.1.dta,4,3.61E+03,3.61E+03,null,8.61E-02,-0.010178,-2.81792,SGQGDALASGPVETGPMKK(18)-LSLELLKDSSSPSLR(7),mTOR(1256)-mTOR(1293)/,
,mTORC_Akt_DSSCX_insol_2ug_run1_121820.12636.12636.5.0.dta,5,3.68E+03,3.68E+03,null,8.69E-02,-0.009267,-2.5195,LSDGFVAAEAKTILPHR(11)-PALSHLGDKGLLLLLR(9),RICTR(374)-RICTR(800)/,
,mTORC2_Akt-ATP_DSSCX_insol_061320_run4.37121.37121.4.2.dta,4,3.34E+03,3.34E+03,null,8.93E-02,-0.007546,-2.257349,YFLLKNDGTFIGYK(5)-TLGPEAKSLLSGLLK(7),AKT1(30)-AKT1(377)/,
,mTORC2_Akt-ATP_DSSCX_insol_061320_run3.35588.35588.6.0.dta,6,5.33E+03,5.33E+03,Carbamidomethyl[C](25),9.55E-02,0.004045,0.758373,LAAFRPSAFTDTQYLQDTMNHVLSCVKK(27)-NSKNSLIQMTILNLLPR(3),mTOR(425)-mTOR(384)/,
,mTORC_Akt_DSSCX_insol_2ug_run1_121820.9609.9609.5.1.dta,5,3.84E+03,3.84E+03,Carbamidomethyl[C](19),1.11E-01,-0.006007,-1.566003,LREEMEEITQQQLVHDKYCK(17)-DLMGFGTKPR(8),mTOR(298)-mTOR(309)/,
,mTORC_Akt_DSSCX_insol_2ug_run1_121820.10848.10848.5.1.dta,5,4.22E+03,4.22E+03,null,1.45E-01,-0.013259,-3.1434,SGSPSDNSGAEEMEVSLAKPK(19)-HPFLTALKYSFQTHDR(8),AKT1(140)-AKT1(214)/,
,mTORC_Akt_DSSCX_insol_2ug_run1_121820.14329.14329.6.0.dta,6,4.80E+03,4.80E+03,null,1.47E-01,-0.003872,-0.805915,DQSLSHHHTMVVQAITFIFKSLGLK(20)-SGQGDALASGPVETGPMKK(18),mTOR(980)-mTOR(1256)/,
,mTORC_Akt_DSSCX_insol_2ug_run1_121820.14320.14320.5.0.dta,5,4.84E+03,4.84E+03,Carbamidomethyl[C](14),3.23E-01,0.01557,3.219305,TISSEALDILDEACEDKANLHALIQMK(17)-FLSIPKGFSYLNER(6),RICTR(781)-RICTR(813)/,
,mTORC_Akt_DSSCX_insol_2ug_run1_121820.5530.5530.4.1.dta,4,2.04E+03,2.04E+03,null,7.01E-01,-0.017674,-8.680525,DLMGFGTKPR(8)-EKFPEK(2),mTOR(309)-mTOR(2370)/,
,mTORC_Akt_DSSCX_insol_2ug_run1_121820.11523.11523.4.1.dta,4,2.85E+03,2.85E+03,null,7.35E-01,-0.006074,-2.131514,NSFPFFASSKLVK(10)-ILNSLTLPNKK(10),RICTR(1092)-RICTR(1107)/,
,,,,,,,,,,,
,,,,,,,,,,,
,,,,,,,,,,,
,,,,,,,,,,,
,,,,,,,,,,,
,,,,,,,,,,,
,,,,,,,,,,,
,,,,,,,,,,,
,,,,,,,,,,,
,,,,,,,,,,,
,,,,,,,,,,,
,,,,,,,,,,,
,,,,,,,,,,,
,,,,,,,,,,,
,,,,,,,,,,,
,,,,,,,,,,,
,,,,,,,,,,,
,,,,,,,,,,,
,,,,,,,,,,,
,,,,,,,,,,,
,,,,,,,,,,,
,,,,,,,,,,,
,,,,,,,,,,,
,,,,,,,,,,,
,,,,,,,,,,,
,,,,,,,,,,,
,,,,,,,,,,,
,,,,,,,,,,,
,,,,,,,,,,,
,,,,,,,,,,,
,,,,,,,,,,,
,,,,,,,,,,,
,,,,,,,,,,,
,,,,,,,,,,,
,,,,,,,,,,,
,,,,,,,,,,,
,,,,,,,,,,,
,,,,,,,,,,,
,,,,,,,,,,,
,,,,,,,,,,,
,,,,,,,,,,,