,res1,prot1,res2,prot2,type
1,AKT1,183,AKT1,182,dss
2,AKT1,163,AKT1,158,dss
3,RICTOR,890,RICTOR,1391,dss
4,AKT1,268,AKT1,112,dss
5,RICTOR,813,AKT1,163,dss
6,MTOR,2437,MTOR,2370,dss
8,AKT1,189,MTOR,533,dss
9,AKT1,163,AKT1,179,dss
12,RICTOR,1477,MTOR,2090,dss
13,RICTOR,1391,RICTOR,813,dss
14,MTOR,384,MTOR,379,dss
15,RICTOR,1590,MSIN1,104,dss
16,AKT1,284,AKT1,426,dss
17,MSIN1,276,MSIN1,307,dss
18,RICTOR,1477,MTOR,2045,dss
19,AKT1,20,AKT1,301,dss
20,AKT1,307,AKT1,20,dss
21,MTOR,1218,RICTOR,507,dss
22,MTOR,425,MTOR,471,dss
23,AKT1,189,AKT1,297,dss
24,AKT1,307,AKT1,158,dss
25,AKT1,268,AKT1,30,dss
26,MTOR,2489,MTOR,2496,dss
27,AKT1,182,RICTOR,516,dss
28,AKT1,307,AKT1,182,dss
29,MSIN1,454,MSIN1,501,dss
30,MTOR,1256,MTOR,1293,dss
31,MTOR,1293,MTOR,1257,dss
32,AKT1,140,AKT1,214,dss
33,AKT1,307,AKT1,276,dss
34,MTOR,2437,MTOR,2496,dss
35,MSIN1,418,MSIN1,426,dss
36,MTOR,1256,AKT1,420,dss
37,AKT1,20,AKT1,14,dss
39,MTOR,1566,MTOR,309,dss
40,MTOR,1218,RICTOR,516,dss
43,RICTOR,719,AKT1,163,dss
44,MTOR,550,RICTOR,516,dss
45,AKT1,301,AKT1,179,dss
46,AKT1,307,AKT1,179,dss
47,AKT1,189,AKT1,112,dss
48,MTOR,379,MTOR,251,dss
49,AKT1,30,AKT1,301,dss
50,MTOR,900,MTOR,2218,dss
51,AKT1,30,AKT1,158,dss
52,AKT1,112,AKT1,163,dss
53,AKT1,154,AKT1,168,dss
55,MTOR,1197,RICTOR,516,dss
56,MTOR,1186,RICTOR,507,dss
57,AKT1,189,AKT1,301,dss
58,AKT1,307,AKT1,189,dss
60,AKT1,189,AKT1,30,dss
61,RICTOR,97,RICTOR,11,dss
62,MSIN1,515,MSIN1,504,dss
63,MTOR,2470,MTOR,2496,dss
64,RICTOR,374,RICTOR,734,dss
65,AKT1,163,AKT1,301,dss
66,AKT1,307,AKT1,163,dss
67,AKT1,30,AKT1,183,dss
68,AKT1,154,AKT1,163,dss
69,MSIN1,176,MSIN1,166,dss
70,MTOR,1277,MTOR,226,dss
71,RICTOR,1080,RICTOR,1095,dss
72,AKT1,39,AKT1,14,dss
73,MTOR,298,MTOR,309,dss
74,MSIN1,422,MLST8,215,dss
75,RICTOR,1125,RICTOR,1095,dss
76,AKT1,183,MSIN1,313,dss
77,RICTOR,1125,RICTOR,1116,dss
78,MTOR,425,MTOR,384,dss
79,RICTOR,1092,RICTOR,1107,dss
80,RICTOR,1107,RICTOR,1095,dss
81,RICTOR,516,RICTOR,507,dss
82,RICTOR,1107,RICTOR,1116,dss
83,RICTOR,1107,RICTOR,1119,dss
84,RICTOR,1082,RICTOR,1107,dss
85,RICTOR,1116,RICTOR,1095,dss
86,RICTOR,1312,RICTOR,1334,dss
87,MTOR,384,MTOR,251,dss
88,AKT1,20,AKT1,297,dss
89,RICTOR,781,RICTOR,813,dss
90,AKT1,189,AKT1,20,dss
91,MTOR,550,MTOR,471,dss
93,RICTOR,1281,RICTOR,1312,dss
94,RICTOR,791,RICTOR,813,dss
95,AKT1,179,AKT1,183,dss
96,RICTOR,1312,RICTOR,1092,dss
97,RICTOR,1304,RICTOR,1095,dss
98,AKT1,30,AKT1,297,dss
99,AKT1,297,AKT1,14,dss
100,MSIN1,102,MSIN1,95,dss
101,MTOR,1500,MTOR,1471,dss
102,RICTOR,239,RICTOR,916,dss
104,AKT1,163,AKT1,183,dss
105,MTOR,1186,RICTOR,516,dss
106,AKT1,154,AKT1,284,dss
107,AKT1,268,AKT1,301,dss
108,MTOR,128,MTOR,84,dss
109,RICTOR,764,RICTOR,800,dss
111,MSIN1,422,AKT1,170,dss
112,AKT1,214,AKT1,284,dss
113,MSIN1,276,MSIN1,501,dss
114,RICTOR,998,RICTOR,507,dss
115,MSIN1,418,MSIN1,387,dss
116,RICTOR,699,RICTOR,734,dss
117,MTOR,42,AKT1,284,dss
118,MTOR,1702,MTOR,1655,dss
119,MTOR,1267,MTOR,1293,dss
120,AKT1,297,AKT1,276,dss
121,AKT1,30,AKT1,163,dss
122,MTOR,980,MTOR,1256,dss
123,MTOR,2113,RICTOR,274,dss
124,AKT1,419,AKT1,284,dss
125,MTOR,42,MTOR,301,dss
126,MTOR,42,MTOR,309,dss
127,AKT1,20,AKT1,163,dss
128,AKT1,30,RICTOR,11,dss
129,RICTOR,692,RICTOR,719,dss
130,AKT1,30,AKT1,170,dss
131,AKT1,307,AKT1,14,dss
132,AKT1,297,AKT1,179,dss
134,MTOR,2045,MTOR,2090,dss
135,RICTOR,1391,MTOR,1566,dss
137,AKT1,189,AKT1,179,dss
140,RICTOR,838,RICTOR,856,dss
141,MSIN1,317,MSIN1,302,dss
143,MTOR,2301,MTOR,1406,dss
144,AKT1,158,AKT1,183,dss
145,RICTOR,1642,MSIN1,102,dss
146,MTOR,1805,MTOR,1868,dss
147,AKT1,420,AKT1,284,dss
148,MTOR,985,MTOR,1256,dss
149,RICTOR,800,RICTOR,856,dss
150,MSIN1,464,MSIN1,428,dss
151,AKT1,276,AKT1,179,dss
152,MTOR,42,RICTOR,1382,dss
153,RICTOR,800,RICTOR,734,dss
154,MLST8,86,MTOR,2374,dss
155,MTOR,1277,MTOR,230,dss
156,MTOR,1655,MTOR,1745,dss
157,RICTOR,1642,MSIN1,104,dss
158,MTOR,898,MTOR,1655,dss
159,AKT1,30,AKT1,14,dss
160,AKT1,189,AKT1,163,dss
161,RICTOR,921,RICTOR,856,dss
162,MTOR,1662,MTOR,2218,dss
163,RICTOR,764,RICTOR,856,dss
164,MTOR,898,MTOR,1662,dss
165,RICTOR,791,RICTOR,826,dss
166,MTOR,128,MTOR,42,dss
167,MTOR,298,MTOR,42,dss
168,MTOR,2352,MTOR,900,dss
169,RICTOR,374,RICTOR,800,dss
170,MTOR,2166,MTOR,2370,dss
171,AKT1,163,AKT1,170,dss
172,AKT1,30,AKT1,389,dss
173,RICTOR,764,RICTOR,791,dss
174,RICTOR,641,RICTOR,586,dss
175,AKT1,276,RICTOR,800,dss
176,AKT1,30,AKT1,386,dss
177,RICTOR,641,RICTOR,719,dss
178,AKT1,189,AKT1,168,dss
179,RICTOR,541,RICTOR,582,dss
180,MSIN1,95,RICTOR,1614,dss
181,MTOR,2129,RICTOR,1312,dss
182,AKT1,30,AKT1,20,dss
183,AKT1,30,AKT1,377,dss
184,MTOR,369,MTOR,230,dss
185,MTOR,1566,MTOR,226,dss
186,AKT1,268,AKT1,179,dss
187,RICTOR,1092,MTOR,1993,dss
188,AKT1,154,MSIN1,175,dss
189,MLST8,313,MSIN1,176,dss
190,AKT1,377,RICTOR,97,dss
191,MTOR,2090,AKT1,189,dss
192,RICTOR,566,MSIN1,317,dss
194,MTOR,298,MTOR,1745,dss
195,MSIN1,317,RICTOR,1095,dss
196,MTOR,309,MTOR,2370,dss
197,RICTOR,699,MTOR,84,dss
198,AKT1,30,RICTOR,813,dss
199,MTOR,309,MSIN1,132,dss
